<?xml version="1.0" encoding="UTF-8"?>

<!-- These variables define the Windows Installer  product code and upgrade code.   -->
<?define ProductName = "FileBot" ?>
<?define Manufacturer = "Reinhard Pointner" ?>
<?define UpgradeCode = "86809B6B-E2E3-43EC-9351-D4D66CAF7864" ?>

<!-- Set a specific product code based on the processor architecture build variable -->
<?if $(var.arch)=x64 ?>
	<?define Platform = "x64" ?>
	<?define ProgramFiles = "ProgramFiles64Folder" ?>
	<?define Win64 = "yes" ?>
<?else ?>
	<?define Platform = "x86" ?>
	<?define ProgramFiles = "ProgramFilesFolder" ?>
	<?define Win64 = "no" ?>
<?endif ?>


<Wix xmlns='http://schemas.microsoft.com/wix/2006/wi'>
	<Product Id='*' Name='$(var.ProductName)' Manufacturer='$(var.Manufacturer)' Version='$(var.releaseversion)' UpgradeCode='$(var.UpgradeCode)' Language='1033' Codepage='1252'>

		<Package Description="FileBot Installer" Manufacturer='$(var.Manufacturer)' InstallerVersion='300' Compressed='yes' Platform="$(var.Platform)" />

		<MajorUpgrade AllowDowngrades="yes" IgnoreRemoveFailure="yes" />

		<Directory Id='TARGETDIR' Name='SourceDir'>
			<Directory Id='$(var.ProgramFiles)' Name='Program Files'>
				<Directory Id='INSTALLDIR' Name='FileBot'>

					<Component Id='ApplicationStub' Guid='A7B21026-DA54-4AF8-9227-188565AB9C4E' Win64="$(var.Win64)">
						<File Id='filebot.launcher.exe' Name='filebot.launcher.exe' Source='filebot.launcher.exe' KeyPath='yes'>
							<Shortcut Id="shortcut.menu.filebot" Directory="ProgramMenuDir" Name="FileBot" Description="The ultimate TV Renamer and Subtitle Downloader" WorkingDirectory='INSTALLDIR' Icon="icon.ico" Advertise="no">
								<ShortcutProperty Key="System.AppUserModel.ID" Value="net.filebot.FileBot" />
							</Shortcut>
							<Shortcut Id="shortcut.desktop" Directory="DesktopFolder" Name="FileBot" Description="The ultimate TV Renamer and Subtitle Downloader" WorkingDirectory='INSTALLDIR' Icon="icon.ico" Advertise="no">
								<ShortcutProperty Key="System.AppUserModel.ID" Value="net.filebot.FileBot" />
							</Shortcut>
							<Shortcut Id="shortcut.sendto" Directory="SendToFolder" Name="FileBot" Description="The ultimate TV Renamer and Subtitle Downloader" WorkingDirectory='INSTALLDIR' Icon="icon.ico" Advertise="no">
								<ShortcutProperty Key="System.AppUserModel.ID" Value="net.filebot.FileBot" />
							</Shortcut>
						</File>
						<File Id='filebot.platform.launcher.exe' Name='filebot.platform.launcher.exe' Source='filebot.platform.launcher.exe'>
							<Shortcut Id="shortcut.menu.filebot.platform" Directory="ProgramMenuDir" Name="FileBot (platform)" Description="Launch FileBot with platform-independent configuration" WorkingDirectory='INSTALLDIR' Icon="icon.ico" IconIndex="0" Advertise="no" />
						</File>
						<File Id='filebot.launcher.l4j.ini' Name='filebot.launcher.l4j.ini' Source='filebot.launcher.l4j.ini' />
						<File Id='filebot.platform.launcher.l4j.ini' Name='filebot.platform.launcher.l4j.ini' Source='filebot.platform.launcher.l4j.ini' />
						<Shortcut Id="shortcut.uninstall" Directory="ProgramMenuDir" Name="Uninstall FileBot" Description="Uninstall FileBot" Icon="icon.ico" Target="[SystemFolder]msiexec.exe" Arguments="/x [ProductCode]" Advertise="no" />
					</Component>

					<Component Id='ApplicationStubCmd' Guid='D2B1A845-3B5C-4B59-B0D0-A4E80C173220' Win64="$(var.Win64)">
						<File Id='filebot.exe' Name='filebot.exe' Source='filebot.exe' KeyPath='yes'>
							<Shortcut Id="shortcut.menu.filebot.cmd" Directory="ProgramMenuDir" Name="FileBot (console)" Description="Launch FileBot with debug logging" WorkingDirectory='INSTALLDIR' />
						</File>
						<File Id='filebot.l4j.ini' Name='filebot.l4j.ini' Source='filebot.l4j.ini' />
						<Environment Id="PATH" Name="PATH" Value="[INSTALLDIR]" Action="set" Part="last" Permanent="no" System="yes" />
					</Component>

					<Component Id='ApplicationBase' Guid='9E365344-A00C-45DE-A2A4-266412C3D06E' Win64="$(var.Win64)">
						<File Id='FileBot.jar' Name='FileBot.jar' Source='$(var.fatjar)' KeyPath='yes' />
						<File Id='jnidispatch.dll' Name='jnidispatch.dll' Source='$(var.jnidispatch)' />
						<File Id='MediaInfo.dll' Name='MediaInfo.dll' Source='$(var.mediainfo)' />
						<File Id='lib7_Zip_JBinding.dll' Name='7-Zip-JBinding.dll' Source='$(var.lib7z_binding)' />
						<File Id='libgcc.dll' Name='$(var.libgcc_name)' Source='$(var.libgcc_path)' />
						<File Id='fpcalc.exe' Name='fpcalc.exe' Source='$(var.fpcalc_path)' />
					</Component>
				</Directory>
			</Directory>

			<Directory Id="ProgramMenuFolder" Name="Programs">
				<Directory Id="ProgramMenuDir" Name="FileBot">
					<Component Id="ProgramMenuDir" Guid="F3F0F1CB-E282-473A-BE8E-B7D325B3B4B0">
						<RemoveFolder Id='ProgramMenuDir' On='uninstall' />
					</Component>
				</Directory>
			</Directory>

			<Directory Id="DesktopFolder" Name="Desktop" />
			<Directory Id="SendToFolder" Name="SendTo" />
		</Directory>


		<Feature Id='Complete' Title='FileBot' Description='The complete package.' Display='expand' ConfigurableDirectory='INSTALLDIR' Level='1'>
			<ComponentRef Id='ApplicationStub' />
			<ComponentRef Id='ApplicationStubCmd' />
			<ComponentRef Id='ApplicationBase' />
			<ComponentRef Id='ProgramMenuDir' />
		</Feature>

		<!-- The media table defines the location that the MSI will look to find source files during         -->
		<!-- installation or repair scenarios. In this case, the source files are in a cab file that will be -->
		<!-- embedded directly into the MSI at build time.                                                   -->
		<Media Id='1' Cabinet='FileBot.cab' EmbedCab='yes' />

		<!-- These properties define links that will appear in the Add/Remove Programs control panel when    -->
		<!-- this product is installed on the system.                                                        -->
		<Property Id="ARPURLINFOABOUT" Value="http://www.filebot.net/" />

		<!-- This property is used as the default installation directory, and the user can change this path  -->
		<!-- during setup. The Id must be set to WIXUI_INSTALLDIR and the value must match the directory Id  -->
		<!-- defined above that represents the root installation directory.                                  -->
		<Property Id="WIXUI_INSTALLDIR" Value="INSTALLDIR"/>

		<!-- This UIRef element specifies what WiXUI dialog set to use for the setup UI. This package uses   -->
		<!-- the WixUI_InstallDir dialog set, which provides a welcome page, a license agreement page, a     -->
		<!-- page to allow changing the installation path, an installation confirmation page, a progress     -->
		<!-- page and a completion page. Other dialog sets are available in the WiX toolset and are          -->
		<!-- described in more detail in the WiX documentation.                                              -->
		<UIRef Id="WixUI_InstallDir"/>

		<WixVariable Id="WixUIBannerBmp" Value="banner.bmp" />
		<WixVariable Id="WixUIDialogBmp" Value="dialog.bmp" />
		<WixVariable Id="WixUILicenseRtf" Value="license.rtf" />

		<Icon Id="icon.ico" SourceFile="../icons/shortcut.ico" />
		<Property Id="ARPPRODUCTICON" Value="icon.ico" />
		<Property Id="REBOOT" Value="ReallySuppress" />
		<Property Id="LicenseAccepted" Value="1" />
	</Product>
</Wix>
